delito_key,delito_id,bien_jurídico,tipo_delito,subtipo_delito,modalidad
La vida y la Integridad corporal|Homicidio|Homicidio doloso|Con arma de fuego,1,La vida y la Integridad corporal,Homicidio,Homicidio doloso,Con arma de fuego
La vida y la Integridad corporal|Homicidio|Homicidio doloso|Con arma blanca,2,La vida y la Integridad corporal,Homicidio,Homicidio doloso,Con arma blanca
La vida y la Integridad corporal|Homicidio|Homicidio doloso|Con otro elemento,3,La vida y la Integridad corporal,Homicidio,Homicidio doloso,Con otro elemento
La vida y la Integridad corporal|Homicidio|Homicidio doloso|No especificado,4,La vida y la Integridad corporal,Homicidio,Homicidio doloso,No especificado
La vida y la Integridad corporal|Homicidio|Homicidio culposo|Con arma de fuego,5,La vida y la Integridad corporal,Homicidio,Homicidio culposo,Con arma de fuego
La vida y la Integridad corporal|Homicidio|Homicidio culposo|Con arma blanca,6,La vida y la Integridad corporal,Homicidio,Homicidio culposo,Con arma blanca
La vida y la Integridad corporal|Homicidio|Homicidio culposo|En accidente de tránsito,7,La vida y la Integridad corporal,Homicidio,Homicidio culposo,En accidente de tránsito
La vida y la Integridad corporal|Homicidio|Homicidio culposo|Con otro elemento,8,La vida y la Integridad corporal,Homicidio,Homicidio culposo,Con otro elemento
La vida y la Integridad corporal|Homicidio|Homicidio culposo|No especificado,9,La vida y la Integridad corporal,Homicidio,Homicidio culposo,No especificado
La vida y la Integridad corporal|Lesiones|Lesiones dolosas|Con arma de fuego,10,La vida y la Integridad corporal,Lesiones,Lesiones dolosas,Con arma de fuego
La vida y la Integridad corporal|Lesiones|Lesiones dolosas|Con arma blanca,11,La vida y la Integridad corporal,Lesiones,Lesiones dolosas,Con arma blanca
La vida y la Integridad corporal|Lesiones|Lesiones dolosas|Con otro elemento,12,La vida y la Integridad corporal,Lesiones,Lesiones dolosas,Con otro elemento
La vida y la Integridad corporal|Lesiones|Lesiones dolosas|No especificado,13,La vida y la Integridad corporal,Lesiones,Lesiones dolosas,No especificado
La vida y la Integridad corporal|Lesiones|Lesiones culposas|Con arma de fuego,14,La vida y la Integridad corporal,Lesiones,Lesiones culposas,Con arma de fuego
La vida y la Integridad corporal|Lesiones|Lesiones culposas|Con arma blanca,15,La vida y la Integridad corporal,Lesiones,Lesiones culposas,Con arma blanca
La vida y la Integridad corporal|Lesiones|Lesiones culposas|En accidente de tránsito,16,La vida y la Integridad corporal,Lesiones,Lesiones culposas,En accidente de tránsito
La vida y la Integridad corporal|Lesiones|Lesiones culposas|Con otro elemento,17,La vida y la Integridad corporal,Lesiones,Lesiones culposas,Con otro elemento
La vida y la Integridad corporal|Lesiones|Lesiones culposas|No especificado,18,La vida y la Integridad corporal,Lesiones,Lesiones culposas,No especificado
La vida y la Integridad corporal|Feminicidio|Feminicidio|Con arma de fuego,19,La vida y la Integridad corporal,Feminicidio,Feminicidio,Con arma de fuego
La vida y la Integridad corporal|Feminicidio|Feminicidio|Con arma blanca,20,La vida y la Integridad corporal,Feminicidio,Feminicidio,Con arma blanca
La vida y la Integridad corporal|Feminicidio|Feminicidio|Con otro elemento,21,La vida y la Integridad corporal,Feminicidio,Feminicidio,Con otro elemento
La vida y la Integridad corporal|Feminicidio|Feminicidio|No especificado,22,La vida y la Integridad corporal,Feminicidio,Feminicidio,No especificado
La vida y la Integridad corporal|Aborto|Aborto|Aborto,23,La vida y la Integridad corporal,Aborto,Aborto,Aborto
La vida y la Integridad corporal|Otros delitos que atentan contra la vida y la integridad corporal|Otros delitos que atentan contra la vida y la integridad corporal|Otros delitos que atentan contra la vida y la integridad corporal,24,La vida y la Integridad corporal,Otros delitos que atentan contra la vida y la integridad corporal,Otros delitos que atentan contra la vida y la integridad corporal,Otros delitos que atentan contra la vida y la integridad corporal
Libertad personal|Secuestro|Secuestro|Secuestro extorsivo,25,Libertad personal,Secuestro,Secuestro,Secuestro extorsivo
Libertad personal|Secuestro|Secuestro|Secuestro con calidad de rehén,26,Libertad personal,Secuestro,Secuestro,Secuestro con calidad de rehén
Libertad personal|Secuestro|Secuestro|Secuestro para causar daño,27,Libertad personal,Secuestro,Secuestro,Secuestro para causar daño
Libertad personal|Secuestro|Secuestro|Secuestro exprés,28,Libertad personal,Secuestro,Secuestro,Secuestro exprés
Libertad personal|Secuestro|Secuestro|Otro tipo de secuestros,29,Libertad personal,Secuestro,Secuestro,Otro tipo de secuestros
Libertad personal|Tráfico de menores|Tráfico de menores|Tráfico de menores,30,Libertad personal,Tráfico de menores,Tráfico de menores,Tráfico de menores
Libertad personal|Rapto|Rapto|Rapto,31,Libertad personal,Rapto,Rapto,Rapto
Libertad personal|Otros delitos que atentan contra la libertad personal|Otros delitos que atentan contra la libertad personal|Otros delitos que atentan contra la libertad personal,32,Libertad personal,Otros delitos que atentan contra la libertad personal,Otros delitos que atentan contra la libertad personal,Otros delitos que atentan contra la libertad personal
La libertad y la seguridad sexual|Abuso sexual|Abuso sexual|Abuso sexual,33,La libertad y la seguridad sexual,Abuso sexual,Abuso sexual,Abuso sexual
La libertad y la seguridad sexual|Acoso sexual|Acoso sexual|Acoso sexual,34,La libertad y la seguridad sexual,Acoso sexual,Acoso sexual,Acoso sexual
La libertad y la seguridad sexual|Hostigamiento sexual|Hostigamiento sexual|Hostigamiento sexual,35,La libertad y la seguridad sexual,Hostigamiento sexual,Hostigamiento sexual,Hostigamiento sexual
La libertad y la seguridad sexual|Violación simple|Violación simple|Violación simple,36,La libertad y la seguridad sexual,Violación simple,Violación simple,Violación simple
La libertad y la seguridad sexual|Violación equiparada|Violación equiparada|Violación equiparada,37,La libertad y la seguridad sexual,Violación equiparada,Violación equiparada,Violación equiparada
La libertad y la seguridad sexual|Incesto|Incesto|Incesto,38,La libertad y la seguridad sexual,Incesto,Incesto,Incesto
La libertad y la seguridad sexual|Otros delitos que atentan contra la libertad y la seguridad sexual|Otros delitos que atentan contra la libertad y la seguridad sexual|Otros delitos que atentan contra la libertad y la seguridad sexual,39,La libertad y la seguridad sexual,Otros delitos que atentan contra la libertad y la seguridad sexual,Otros delitos que atentan contra la libertad y la seguridad sexual,Otros delitos que atentan contra la libertad y la seguridad sexual
El patrimonio|Robo|Robo a casa habitación|Con violencia,40,El patrimonio,Robo,Robo a casa habitación,Con violencia
El patrimonio|Robo|Robo a casa habitación|Sin violencia,41,El patrimonio,Robo,Robo a casa habitación,Sin violencia
El patrimonio|Robo|Robo de vehículo automotor|Robo de coche de 4 ruedas Con violencia,42,El patrimonio,Robo,Robo de vehículo automotor,Robo de coche de 4 ruedas Con violencia
El patrimonio|Robo|Robo de vehículo automotor|Robo de coche de 4 ruedas Sin violencia,43,El patrimonio,Robo,Robo de vehículo automotor,Robo de coche de 4 ruedas Sin violencia
El patrimonio|Robo|Robo de vehículo automotor|Robo de motocicleta Con violencia,44,El patrimonio,Robo,Robo de vehículo automotor,Robo de motocicleta Con violencia
El patrimonio|Robo|Robo de vehículo automotor|Robo de motocicleta Sin violencia,45,El patrimonio,Robo,Robo de vehículo automotor,Robo de motocicleta Sin violencia
El patrimonio|Robo|Robo de vehículo automotor|Robo de embarcaciones pequeñas y grandes Con violencia,46,El patrimonio,Robo,Robo de vehículo automotor,Robo de embarcaciones pequeñas y grandes Con violencia
El patrimonio|Robo|Robo de vehículo automotor|Robo de embarcaciones pequeñas y grandes Sin violencia,47,El patrimonio,Robo,Robo de vehículo automotor,Robo de embarcaciones pequeñas y grandes Sin violencia
El patrimonio|Robo|Robo de autopartes|Con violencia,48,El patrimonio,Robo,Robo de autopartes,Con violencia
El patrimonio|Robo|Robo de autopartes|Sin violencia,49,El patrimonio,Robo,Robo de autopartes,Sin violencia
El patrimonio|Robo|Robo a transportista|Con violencia,50,El patrimonio,Robo,Robo a transportista,Con violencia
El patrimonio|Robo|Robo a transportista|Sin violencia,51,El patrimonio,Robo,Robo a transportista,Sin violencia
El patrimonio|Robo|Robo a transeúnte en vía pública|Con violencia,52,El patrimonio,Robo,Robo a transeúnte en vía pública,Con violencia
El patrimonio|Robo|Robo a transeúnte en vía pública|Sin violencia,53,El patrimonio,Robo,Robo a transeúnte en vía pública,Sin violencia
El patrimonio|Robo|Robo a transeúnte en espacio abierto al público|Con violencia,54,El patrimonio,Robo,Robo a transeúnte en espacio abierto al público,Con violencia
El patrimonio|Robo|Robo a transeúnte en espacio abierto al público|Sin violencia,55,El patrimonio,Robo,Robo a transeúnte en espacio abierto al público,Sin violencia
El patrimonio|Robo|Robo en transporte público individual|Con violencia,56,El patrimonio,Robo,Robo en transporte público individual,Con violencia
El patrimonio|Robo|Robo en transporte público individual|Sin violencia,57,El patrimonio,Robo,Robo en transporte público individual,Sin violencia
El patrimonio|Robo|Robo en transporte público colectivo|Con violencia,58,El patrimonio,Robo,Robo en transporte público colectivo,Con violencia
El patrimonio|Robo|Robo en transporte público colectivo|Sin violencia,59,El patrimonio,Robo,Robo en transporte público colectivo,Sin violencia
El patrimonio|Robo|Robo en transporte individual|Con violencia,60,El patrimonio,Robo,Robo en transporte individual,Con violencia
El patrimonio|Robo|Robo en transporte individual|Sin violencia,61,El patrimonio,Robo,Robo en transporte individual,Sin violencia
El patrimonio|Robo|Robo a institución bancaria|Con violencia,62,El patrimonio,Robo,Robo a institución bancaria,Con violencia
El patrimonio|Robo|Robo a institución bancaria|Sin violencia,63,El patrimonio,Robo,Robo a institución bancaria,Sin violencia
El patrimonio|Robo|Robo a negocio|Con violencia,64,El patrimonio,Robo,Robo a negocio,Con violencia
El patrimonio|Robo|Robo a negocio|Sin violencia,65,El patrimonio,Robo,Robo a negocio,Sin violencia
El patrimonio|Robo|Robo de ganado|Con violencia,66,El patrimonio,Robo,Robo de ganado,Con violencia
El patrimonio|Robo|Robo de ganado|Sin violencia,67,El patrimonio,Robo,Robo de ganado,Sin violencia
El patrimonio|Robo|Robo de maquinaria|Robo de herramienta industrial o agrícola Con violencia,68,El patrimonio,Robo,Robo de maquinaria,Robo de herramienta industrial o agrícola Con violencia
El patrimonio|Robo|Robo de maquinaria|Robo de herramienta industrial o agrícola Sin violencia,69,El patrimonio,Robo,Robo de maquinaria,Robo de herramienta industrial o agrícola Sin violencia
El patrimonio|Robo|Robo de maquinaria|Robo de tractores Con violencia,70,El patrimonio,Robo,Robo de maquinaria,Robo de tractores Con violencia
El patrimonio|Robo|Robo de maquinaria|Robo de tractores Sin violencia,71,El patrimonio,Robo,Robo de maquinaria,Robo de tractores Sin violencia
"El patrimonio|Robo|Robo de maquinaria|Robo de cables, tubos y otros objetos destinados a servicios públicos Con violencia",72,El patrimonio,Robo,Robo de maquinaria,"Robo de cables, tubos y otros objetos destinados a servicios públicos Con violencia"
"El patrimonio|Robo|Robo de maquinaria|Robo de cables, tubos y otros objetos destinados a servicios públicos Sin violencia",73,El patrimonio,Robo,Robo de maquinaria,"Robo de cables, tubos y otros objetos destinados a servicios públicos Sin violencia"
El patrimonio|Robo|Otros robos|Con violencia,74,El patrimonio,Robo,Otros robos,Con violencia
El patrimonio|Robo|Otros robos|Sin violencia,75,El patrimonio,Robo,Otros robos,Sin violencia
El patrimonio|Fraude|Fraude|Fraude,76,El patrimonio,Fraude,Fraude,Fraude
El patrimonio|Abuso de confianza|Abuso de confianza|Abuso de confianza,77,El patrimonio,Abuso de confianza,Abuso de confianza,Abuso de confianza
El patrimonio|Extorsión|Extorsión|Extorsión,78,El patrimonio,Extorsión,Extorsión,Extorsión
El patrimonio|Daño a la propiedad|Daño a la propiedad|Daño a la propiedad,79,El patrimonio,Daño a la propiedad,Daño a la propiedad,Daño a la propiedad
El patrimonio|Despojo|Despojo|Despojo,80,El patrimonio,Despojo,Despojo,Despojo
El patrimonio|Otros delitos contra el patrimonio|Otros delitos contra el patrimonio|Otros delitos contra el patrimonio,81,El patrimonio,Otros delitos contra el patrimonio,Otros delitos contra el patrimonio,Otros delitos contra el patrimonio
La familia|Violencia familiar|Violencia familiar|Violencia familiar,82,La familia,Violencia familiar,Violencia familiar,Violencia familiar
La familia|Violencia de género en todas sus modalidades distinta a la violencia familiar|Violencia de género en todas sus modalidades distinta a la violencia familiar|Violencia de género en todas sus modalidades distinta a la violencia familiar,83,La familia,Violencia de género en todas sus modalidades distinta a la violencia familiar,Violencia de género en todas sus modalidades distinta a la violencia familiar,Violencia de género en todas sus modalidades distinta a la violencia familiar
La familia|Incumplimiento de obligaciones de asistencia familiar|Incumplimiento de obligaciones de asistencia familiar|Incumplimiento de obligaciones de asistencia familiar,84,La familia,Incumplimiento de obligaciones de asistencia familiar,Incumplimiento de obligaciones de asistencia familiar,Incumplimiento de obligaciones de asistencia familiar
La familia|Otros delitos contra la familia|Otros delitos contra la familia|Otros delitos contra la familia,85,La familia,Otros delitos contra la familia,Otros delitos contra la familia,Otros delitos contra la familia
La sociedad|Corrupción de menores|Corrupción de menores|Corrupción de menores,86,La sociedad,Corrupción de menores,Corrupción de menores,Corrupción de menores
La sociedad|Trata de personas|Trata de personas|Trata de personas,87,La sociedad,Trata de personas,Trata de personas,Trata de personas
La sociedad|Otros delitos contra la sociedad|Otros delitos contra la sociedad|Otros delitos contra la sociedad,88,La sociedad,Otros delitos contra la sociedad,Otros delitos contra la sociedad,Otros delitos contra la sociedad
Otros bienes jurídicos afectados (del fuero común)|Narcomenudeo|Narcomenudeo|Narcomenudeo,89,Otros bienes jurídicos afectados (del fuero común),Narcomenudeo,Narcomenudeo,Narcomenudeo
Otros bienes jurídicos afectados (del fuero común)|Amenazas|Amenazas|Amenazas,90,Otros bienes jurídicos afectados (del fuero común),Amenazas,Amenazas,Amenazas
Otros bienes jurídicos afectados (del fuero común)|Allanamiento de morada|Allanamiento de morada|Allanamiento de morada,91,Otros bienes jurídicos afectados (del fuero común),Allanamiento de morada,Allanamiento de morada,Allanamiento de morada
Otros bienes jurídicos afectados (del fuero común)|Evasión de presos|Evasión de presos|Evasión de presos,92,Otros bienes jurídicos afectados (del fuero común),Evasión de presos,Evasión de presos,Evasión de presos
Otros bienes jurídicos afectados (del fuero común)|Falsedad|Falsedad|Falsedad,93,Otros bienes jurídicos afectados (del fuero común),Falsedad,Falsedad,Falsedad
Otros bienes jurídicos afectados (del fuero común)|Falsificación|Falsificación|Falsificación,94,Otros bienes jurídicos afectados (del fuero común),Falsificación,Falsificación,Falsificación
Otros bienes jurídicos afectados (del fuero común)|Contra el medio ambiente|Contra el medio ambiente|Contra el medio ambiente,95,Otros bienes jurídicos afectados (del fuero común),Contra el medio ambiente,Contra el medio ambiente,Contra el medio ambiente
Otros bienes jurídicos afectados (del fuero común)|Delitos cometidos por servidores públicos|Delitos cometidos por servidores públicos|Delitos cometidos por servidores públicos,96,Otros bienes jurídicos afectados (del fuero común),Delitos cometidos por servidores públicos,Delitos cometidos por servidores públicos,Delitos cometidos por servidores públicos
Otros bienes jurídicos afectados (del fuero común)|Electorales|Electorales|Electorales,97,Otros bienes jurídicos afectados (del fuero común),Electorales,Electorales,Electorales
Otros bienes jurídicos afectados (del fuero común)|Otros delitos del Fuero Común|Otros delitos del Fuero Común|Otros delitos del Fuero Común,98,Otros bienes jurídicos afectados (del fuero común),Otros delitos del Fuero Común,Otros delitos del Fuero Común,Otros delitos del Fuero Común
